item,qty,spec,supplier,unit_cost_usd,make_buy,notes
1 Twist-lock base,1,"ANSI C136.41 7-contact plug base with power blades, dimming contacts and gasket",Photocontrol component supplier,10.00,buy,Indicative price; socket choice proposed awaiting Amish
2 Dome cover,1,"UV-stabilized ASA or polycarbonate dome about 90 mm diameter with clear window over the light sensor; printed for the prototype",Local 3D printing,4.00,make,Indicative material cost; molded or bought housing later
3 Surge protection and fuse,1,"Thermal fuse, two 320 V class MOVs and a gas discharge tube; proposed 10 kV / 5 kA target",Electronics distributor,4.00,buy,Indicative price; level to be set from ANSI C136.2 at TRL 3
4 Isolated power supply,1,"PCB-mount AC/DC module, 85 to 305 V AC in, 12 V 5 W out, reinforced isolation",Electronics distributor,8.00,buy,Indicative price
5 Fail-on relay,1,"Normally closed power relay, 16 A class, rated for LED driver inrush, 12 V coil",Electronics distributor,4.00,buy,Indicative price; inrush rating to be checked per driver
6 Energy metering,1,"Single-phase metering IC, shunt resistor and digital isolator",Electronics distributor,5.00,buy,Indicative price; indicative metering only; not revenue grade
7 Controller and LoRaWAN radio,1,"STM32WL-class LoRaWAN module (as FieldNode), RTC crystal, 3-axis accelerometer, isolated 0 to 10 V output stage, supercapacitor, 2-layer PCB",Electronics distributor and PCB service,22.00,buy,Indicative price (module about $10; PCB and parts about $12)
8 Antenna,1,"Sub-GHz (868 or 915 MHz) flexible PCB antenna with u.FL lead",Electronics distributor,3.00,buy,Indicative price
9 Light sensor and pipe,1,"Ambient light sensor IC with printed or molded light pipe to the dome window",Electronics distributor,2.00,buy,Indicative price
10 M12 port and cable,1,"4-pole A-coded M12 panel socket on the controller base and 1 m UV-rated M12 cable to the sensor head",Industrial connector supplier,10.00,buy,Indicative price
11 Sensor head enclosure,1,"IP66 polycarbonate box about 120 x 90 x 60 mm with radar-transparent front face",Electronics distributor,6.00,buy,Indicative price
12 24 GHz radar presence sensor,1,"24 GHz Doppler radar module with IF output, motion and speed only",Sensor distributor,18.00,buy,Indicative price; range from 7.7 m unverified (R6)
13 Sensor head board,1,"Small microcontroller, IF amplifier, 12 V to 3.3 V regulator, two fused high-side switches for the ports",Electronics distributor and PCB service,8.00,buy,Indicative price
14 Expansion ports,2,"Sealed 4-pole M12 panel sockets with the FieldNode sensor pinout (proposed), 12 V SELV",Industrial connector supplier,4.00,buy,Indicative price
15 Arm band clamps,1,"Two stainless band clamps for 50 to 80 mm arms, folded aluminum bracket, rubber liners",Local hardware shop and fabricator,6.00,make,Indicative price; no drilling of the arm
16 Hardware and consumables,1,"Screws, gaskets, conformal coating, potting compound, cable ties",Local hardware shop,6.00,buy,Indicative price; no exploded-view callout
